theta1,theta0
-0.021438027224593637,8498.449530474767
