theta1,theta0
-0.02143802852941215,8498.449667695579
