theta1,theta0,max
-5145.126533902473,8498.449530474767,240000.0
